{
  "master_seed": 20260715,
  "setup": {
    "n": 3,
    "rounds": 6,
    "hand_space_size": 816
  },
  "timing": {
    "trials_cheap": 3000,
    "seconds_cheap": 48.91765332221985,
    "trials_joint": 100,
    "seconds_joint": 535.9138267040253
  },
  "summary": {
    "full_score": {
      "n": 3000,
      "mean": 4.551666666666667,
      "median": 2.0,
      "min": 1,
      "max": 72,
      "stdev": 6.217394729484547
    },
    "fired_count": {
      "n": 3000,
      "mean": 10.984333333333334,
      "median": 7.0,
      "min": 1,
      "max": 144,
      "stdev": 11.768889266007882
    },
    "flat_1pt_score": {
      "n": 3000,
      "mean": 10.984333333333334,
      "median": 7.0,
      "min": 1,
      "max": 144,
      "stdev": 11.768889266007882
    },
    "choice_behavior_greedy": {
      "n": 3000,
      "mean": 117.72133333333333,
      "median": 94.0,
      "min": 1,
      "max": 675,
      "stdev": 90.79957605383164
    },
    "choice_behavior_random_control": {
      "n": 1000,
      "mean": 23.844,
      "median": 7.0,
      "min": 0,
      "max": 492,
      "stdev": 47.8592484688174
    },
    "team_total_joint": {
      "n": 100,
      "mean": 17.69,
      "median": 10.0,
      "min": 1,
      "max": 91,
      "stdev": 18.833849845424595
    }
  },
  "raw_sample_head": {
    "full_score": [
      6,
      1,
      10,
      2,
      1,
      3,
      1,
      6,
      1,
      1,
      1,
      6,
      1,
      6,
      4,
      2,
      4,
      2,
      1,
      1
    ],
    "fired_count": [
      12,
      1,
      12,
      2,
      1,
      3,
      9,
      6,
      1,
      2,
      2,
      12,
      26,
      14,
      6,
      3,
      12,
      2,
      1,
      2
    ],
    "flat_1pt_score": [
      12,
      1,
      12,
      2,
      1,
      3,
      9,
      6,
      1,
      2,
      2,
      12,
      26,
      14,
      6,
      3,
      12,
      2,
      1,
      2
    ],
    "choice_behavior_greedy": [
      30,
      194,
      135,
      65,
      28,
      111,
      128,
      173,
      67,
      92,
      50,
      66,
      107,
      287,
      45,
      73,
      13,
      105,
      133,
      99
    ],
    "choice_behavior_random_control": [
      1,
      10,
      0,
      4,
      8,
      1,
      0,
      11,
      11,
      41,
      36,
      21,
      84,
      38,
      42,
      9,
      18,
      33,
      3,
      6
    ],
    "team_total_joint": [
      36,
      5,
      12,
      2,
      25,
      44,
      18,
      6,
      10,
      45,
      15,
      8,
      11,
      2,
      1,
      26,
      76,
      2,
      22,
      2
    ]
  }
}