{
  "n_trials": 2000,
  "seed": 20260715,
  "rows": [
    {
      "lambda": 0.65,
      "q": 1,
      "w": 0.5,
      "a1_pass": false,
      "a2_pass": false,
      "b1_pass": true,
      "d_pass": true,
      "all_pass": false,
      "median_curve": [
        146.0,
        76.0,
        29.0,
        8.0,
        5.0,
        3.0
      ],
      "q1_curve": [
        80.0,
        42.0,
        16.0,
        4.0,
        2.0,
        1.0
      ],
      "q3_curve": [
        239.0,
        133.0,
        49.25,
        14.0,
        9.0,
        5.0
      ],
      "pct_mean": 80.5125,
      "pct_median": 81.0,
      "b1_diff": 12.074499999999999,
      "b1_ci_lo": 11.660649765785761,
      "b1_ci_hi": 12.488350234214236,
      "b1_rel_pct": 128.39066404380878,
      "b1_mean_consistent": 21.479,
      "b1_mean_random": 9.4045,
      "time_ad_s": 113.35901403427124,
      "time_b_s": 192.25376653671265
    },
    {
      "lambda": 0.8,
      "q": 1,
      "w": 0.5,
      "a1_pass": false,
      "a2_pass": false,
      "b1_pass": true,
      "d_pass": true,
      "all_pass": false,
      "median_curve": [
        150.0,
        76.0,
        28.0,
        8.0,
        5.0,
        2.0
      ],
      "q1_curve": [
        84.0,
        44.0,
        16.0,
        4.0,
        2.0,
        1.0
      ],
      "q3_curve": [
        244.0,
        126.0,
        45.0,
        14.0,
        8.0,
        4.0
      ],
      "pct_mean": 74.587,
      "pct_median": 75.0,
      "b1_diff": 11.4665,
      "b1_ci_lo": 11.078623386793511,
      "b1_ci_hi": 11.854376613206488,
      "b1_rel_pct": 130.83637608397993,
      "b1_mean_consistent": 20.2305,
      "b1_mean_random": 8.764,
      "time_ad_s": 109.06422352790833,
      "time_b_s": 192.72439622879028
    },
    {
      "lambda": 0.65,
      "q": 1,
      "w": 1.0,
      "a1_pass": false,
      "a2_pass": false,
      "b1_pass": true,
      "d_pass": true,
      "all_pass": false,
      "median_curve": [
        153.5,
        84.0,
        35.0,
        9.0,
        6.0,
        3.0
      ],
      "q1_curve": [
        87.0,
        47.0,
        20.0,
        5.0,
        3.0,
        2.0
      ],
      "q3_curve": [
        253.0,
        140.0,
        59.25,
        17.0,
        11.0,
        6.0
      ],
      "pct_mean": 76.66,
      "pct_median": 77.0,
      "b1_diff": 11.608999999999998,
      "b1_ci_lo": 11.205456834622165,
      "b1_ci_hi": 12.012543165377831,
      "b1_rel_pct": 124.64032639038005,
      "b1_mean_consistent": 20.923,
      "b1_mean_random": 9.314,
      "time_ad_s": 112.26032280921936,
      "time_b_s": 193.09388136863708
    },
    {
      "lambda": 0.8,
      "q": 1,
      "w": 1.0,
      "a1_pass": false,
      "a2_pass": false,
      "b1_pass": true,
      "d_pass": true,
      "all_pass": false,
      "median_curve": [
        148.5,
        82.0,
        33.0,
        9.0,
        5.0,
        3.0
      ],
      "q1_curve": [
        82.0,
        46.0,
        18.0,
        5.0,
        3.0,
        2.0
      ],
      "q3_curve": [
        247.25,
        140.0,
        55.0,
        17.0,
        10.0,
        6.0
      ],
      "pct_mean": 71.168,
      "pct_median": 72.0,
      "b1_diff": 11.084500000000002,
      "b1_ci_lo": 10.691585668991886,
      "b1_ci_hi": 11.477414331008118,
      "b1_rel_pct": 123.36672231496944,
      "b1_mean_consistent": 20.0695,
      "b1_mean_random": 8.985,
      "time_ad_s": 109.51064872741699,
      "time_b_s": 195.21396803855896
    },
    {
      "lambda": 0.65,
      "q": 2,
      "w": 0.5,
      "a1_pass": false,
      "a2_pass": false,
      "b1_pass": true,
      "d_pass": true,
      "all_pass": false,
      "median_curve": [
        147.0,
        80.0,
        32.0,
        8.0,
        5.0,
        3.0
      ],
      "q1_curve": [
        80.0,
        45.0,
        17.0,
        4.0,
        3.0,
        1.0
      ],
      "q3_curve": [
        248.0,
        135.0,
        55.0,
        15.25,
        10.0,
        5.0
      ],
      "pct_mean": 78.3245,
      "pct_median": 79.0,
      "b1_diff": 11.777000000000001,
      "b1_ci_lo": 11.380306218593608,
      "b1_ci_hi": 12.173693781406394,
      "b1_rel_pct": 127.57406705302496,
      "b1_mean_consistent": 21.0085,
      "b1_mean_random": 9.2315,
      "time_ad_s": 407.25865411758423,
      "time_b_s": 590.9120359420776
    },
    {
      "lambda": 0.8,
      "q": 2,
      "w": 0.5,
      "a1_pass": false,
      "a2_pass": false,
      "b1_pass": true,
      "d_pass": true,
      "all_pass": false,
      "median_curve": [
        146.0,
        79.0,
        31.0,
        8.0,
        5.0,
        2.0
      ],
      "q1_curve": [
        84.0,
        44.0,
        17.0,
        4.0,
        3.0,
        1.0
      ],
      "q3_curve": [
        242.0,
        132.0,
        53.0,
        15.0,
        9.0,
        5.0
      ],
      "pct_mean": 72.5465,
      "pct_median": 73.0,
      "b1_diff": 10.666,
      "b1_ci_lo": 10.282444427471313,
      "b1_ci_hi": 11.049555572528687,
      "b1_rel_pct": 119.70819304152639,
      "b1_mean_consistent": 19.576,
      "b1_mean_random": 8.91,
      "time_ad_s": 406.22435331344604,
      "time_b_s": 595.0907702445984
    },
    {
      "lambda": 0.65,
      "q": 2,
      "w": 1.0,
      "a1_pass": false,
      "a2_pass": false,
      "b1_pass": true,
      "d_pass": true,
      "all_pass": false,
      "median_curve": [
        151.0,
        91.0,
        38.0,
        10.0,
        6.0,
        3.0
      ],
      "q1_curve": [
        87.0,
        50.0,
        21.0,
        5.0,
        3.0,
        2.0
      ],
      "q3_curve": [
        251.0,
        153.25,
        66.25,
        19.0,
        12.0,
        6.0
      ],
      "pct_mean": 71.99,
      "pct_median": 73.0,
      "b1_diff": 11.233500000000001,
      "b1_ci_lo": 10.838932199659512,
      "b1_ci_hi": 11.62806780034049,
      "b1_rel_pct": 122.99228116275252,
      "b1_mean_consistent": 20.367,
      "b1_mean_random": 9.1335,
      "time_ad_s": 409.7025303840637,
      "time_b_s": 599.1866376399994
    },
    {
      "lambda": 0.8,
      "q": 2,
      "w": 1.0,
      "a1_pass": false,
      "a2_pass": false,
      "b1_pass": true,
      "d_pass": true,
      "all_pass": false,
      "median_curve": [
        148.0,
        89.0,
        38.0,
        10.0,
        6.0,
        3.0
      ],
      "q1_curve": [
        84.0,
        52.0,
        21.0,
        5.0,
        3.0,
        2.0
      ],
      "q3_curve": [
        244.25,
        150.25,
        66.0,
        18.0,
        12.0,
        6.0
      ],
      "pct_mean": 67.056,
      "pct_median": 67.0,
      "b1_diff": 11.214500000000001,
      "b1_ci_lo": 10.833072882959527,
      "b1_ci_hi": 11.595927117040475,
      "b1_rel_pct": 131.6333118140736,
      "b1_mean_consistent": 19.734,
      "b1_mean_random": 8.5195,
      "time_ad_s": 409.6865129470825,
      "time_b_s": 593.1271514892578
    }
  ],
  "n_passers": 0,
  "selected": null
}