{
  "n_trials": 2000,
  "seed": 20260715,
  "rows": [
    {
      "lambda": 0.5,
      "tau_name": "2.5",
      "tau": 2.5,
      "a1_pass": true,
      "a2_pass": true,
      "a3prime_pass": false,
      "b1_pass": true,
      "d_pass": false,
      "all_pass": false,
      "median_curve": [
        661.0,
        375.5,
        200.5,
        95.0,
        61.0,
        36.0
      ],
      "q1_curve": [
        468.75,
        224.75,
        109.0,
        50.0,
        29.0,
        17.0
      ],
      "q3_curve": [
        764.0,
        553.0,
        338.0,
        165.0,
        108.0,
        69.0
      ],
      "hit_rate_curve": [
        0.3155,
        0.3685,
        0.4075,
        0.427,
        0.4325,
        0.4715
      ],
      "a3prime_avg_round56": 0.45199999999999996,
      "a3prime_avg_round12": 0.34199999999999997,
      "a3prime_delta": 0.10999999999999999,
      "top1_hit_rate_round6": 0.2035,
      "pct_mean": 57.556,
      "pct_median": 57.0,
      "b1_diff": 11.418,
      "b1_ci_lo": 11.016551785301587,
      "b1_ci_hi": 11.819448214698411,
      "b1_rel_pct": 113.4369877303661,
      "b1_mean_consistent": 21.4835,
      "b1_mean_random": 10.0655,
      "b1_reused_from_v1": false,
      "time_ad_s": 79.9204638004303,
      "time_b_s": 157.25118589401245
    },
    {
      "lambda": 0.5,
      "tau_name": "3.5",
      "tau": 3.5,
      "a1_pass": true,
      "a2_pass": true,
      "a3prime_pass": false,
      "b1_pass": true,
      "d_pass": false,
      "all_pass": false,
      "median_curve": [
        692.0,
        423.5,
        240.0,
        127.0,
        74.0,
        47.0
      ],
      "q1_curve": [
        493.25,
        264.75,
        132.0,
        63.0,
        39.0,
        23.0
      ],
      "q3_curve": [
        800.0,
        611.25,
        393.25,
        219.25,
        142.0,
        86.0
      ],
      "hit_rate_curve": [
        0.329,
        0.372,
        0.384,
        0.399,
        0.412,
        0.439
      ],
      "a3prime_avg_round56": 0.4255,
      "a3prime_avg_round12": 0.35050000000000003,
      "a3prime_delta": 0.07499999999999996,
      "top1_hit_rate_round6": 0.1575,
      "pct_mean": 53.451,
      "pct_median": 54.0,
      "b1_diff": 10.997500000000002,
      "b1_ci_lo": 10.603279066860395,
      "b1_ci_hi": 11.39172093313961,
      "b1_rel_pct": 110.8507206934785,
      "b1_mean_consistent": 20.9185,
      "b1_mean_random": 9.921,
      "b1_reused_from_v1": false,
      "time_ad_s": 76.53282618522644,
      "time_b_s": 159.30354022979736
    },
    {
      "lambda": 0.5,
      "tau_name": "4.5",
      "tau": 4.5,
      "a1_pass": true,
      "a2_pass": true,
      "a3prime_pass": false,
      "b1_pass": true,
      "d_pass": false,
      "all_pass": false,
      "median_curve": [
        703.0,
        450.0,
        272.0,
        154.0,
        94.0,
        55.0
      ],
      "q1_curve": [
        512.75,
        284.0,
        156.0,
        79.0,
        46.0,
        26.0
      ],
      "q3_curve": [
        812.0,
        652.0,
        440.0,
        274.0,
        180.0,
        111.25
      ],
      "hit_rate_curve": [
        0.319,
        0.3465,
        0.3675,
        0.378,
        0.386,
        0.4135
      ],
      "a3prime_avg_round56": 0.39975,
      "a3prime_avg_round12": 0.33275,
      "a3prime_delta": 0.067,
      "top1_hit_rate_round6": 0.147,
      "pct_mean": 50.9765,
      "pct_median": 51.0,
      "b1_diff": 10.896499999999998,
      "b1_ci_lo": 10.505257207130294,
      "b1_ci_hi": 11.287742792869702,
      "b1_rel_pct": 109.96568775860327,
      "b1_mean_consistent": 20.8055,
      "b1_mean_random": 9.909,
      "b1_reused_from_v1": false,
      "time_ad_s": 77.34030389785767,
      "time_b_s": 159.53632068634033
    },
    {
      "lambda": 0.5,
      "tau_name": "6.0",
      "tau": 6.0,
      "a1_pass": true,
      "a2_pass": true,
      "a3prime_pass": false,
      "b1_pass": true,
      "d_pass": false,
      "all_pass": false,
      "median_curve": [
        715.0,
        473.0,
        285.0,
        172.0,
        105.0,
        63.0
      ],
      "q1_curve": [
        520.0,
        296.0,
        165.0,
        89.0,
        51.0,
        30.0
      ],
      "q3_curve": [
        812.0,
        664.0,
        451.0,
        292.0,
        191.0,
        122.0
      ],
      "hit_rate_curve": [
        0.3275,
        0.3475,
        0.34,
        0.3645,
        0.3615,
        0.3605
      ],
      "a3prime_avg_round56": 0.361,
      "a3prime_avg_round12": 0.3375,
      "a3prime_delta": 0.023499999999999965,
      "top1_hit_rate_round6": 0.1255,
      "pct_mean": 48.5715,
      "pct_median": 49.0,
      "b1_diff": 9.809500000000002,
      "b1_ci_lo": 9.424913873782168,
      "b1_ci_hi": 10.194086126217835,
      "b1_rel_pct": 95.55328268069357,
      "b1_mean_consistent": 20.0755,
      "b1_mean_random": 10.266,
      "b1_reused_from_v1": true,
      "time_ad_s": 75.96851944923401,
      "time_b_s": 0.0
    },
    {
      "lambda": 0.8,
      "tau_name": "2.5",
      "tau": 2.5,
      "a1_pass": true,
      "a2_pass": false,
      "a3prime_pass": false,
      "b1_pass": true,
      "d_pass": false,
      "all_pass": false,
      "median_curve": [
        702.5,
        398.0,
        168.0,
        92.0,
        55.0,
        28.0
      ],
      "q1_curve": [
        534.75,
        251.0,
        98.0,
        51.0,
        29.0,
        14.0
      ],
      "q3_curve": [
        782.0,
        550.25,
        265.25,
        151.25,
        93.0,
        52.0
      ],
      "hit_rate_curve": [
        0.5105,
        0.517,
        0.505,
        0.5305,
        0.539,
        0.547
      ],
      "a3prime_avg_round56": 0.543,
      "a3prime_avg_round12": 0.5137499999999999,
      "a3prime_delta": 0.02925000000000011,
      "top1_hit_rate_round6": 0.2135,
      "pct_mean": 58.548,
      "pct_median": 59.0,
      "b1_diff": 10.625,
      "b1_ci_lo": 10.244598542734199,
      "b1_ci_hi": 11.005401457265801,
      "b1_rel_pct": 113.14626484212769,
      "b1_mean_consistent": 20.0155,
      "b1_mean_random": 9.3905,
      "b1_reused_from_v1": false,
      "time_ad_s": 78.2365517616272,
      "time_b_s": 160.72566771507263
    },
    {
      "lambda": 0.8,
      "tau_name": "3.5",
      "tau": 3.5,
      "a1_pass": true,
      "a2_pass": true,
      "a3prime_pass": false,
      "b1_pass": true,
      "d_pass": false,
      "all_pass": false,
      "median_curve": [
        756.0,
        466.0,
        225.0,
        130.0,
        76.0,
        41.0
      ],
      "q1_curve": [
        581.75,
        297.75,
        129.0,
        70.0,
        41.0,
        20.0
      ],
      "q3_curve": [
        811.0,
        640.0,
        357.0,
        221.0,
        139.25,
        76.0
      ],
      "hit_rate_curve": [
        0.4745,
        0.4855,
        0.468,
        0.4855,
        0.4965,
        0.484
      ],
      "a3prime_avg_round56": 0.49024999999999996,
      "a3prime_avg_round12": 0.48,
      "a3prime_delta": 0.010249999999999981,
      "top1_hit_rate_round6": 0.1555,
      "pct_mean": 55.0045,
      "pct_median": 55.0,
      "b1_diff": 10.4475,
      "b1_ci_lo": 10.068773658273471,
      "b1_ci_hi": 10.826226341726528,
      "b1_rel_pct": 110.67853170189098,
      "b1_mean_consistent": 19.887,
      "b1_mean_random": 9.4395,
      "b1_reused_from_v1": false,
      "time_ad_s": 77.14686965942383,
      "time_b_s": 159.5540578365326
    },
    {
      "lambda": 0.8,
      "tau_name": "4.5",
      "tau": 4.5,
      "a1_pass": true,
      "a2_pass": true,