{
  "A": {
    "label": "A 盲目閾値 vs 現行NPC",
    "n": 20000,
    "winRate": 0.28890416666666674,
    "winCI": 0.006281770174130745,
    "meanScore": 44.04325,
    "scoreSD": 10.629321682849765,
    "scoreCI": 0.14731488265058298,
    "npcWins": [
      0.2869791666666666,
      0.2153791666666667,
      0.20873750000000005
    ],
    "curseAll": 0.16858758110589,
    "curseSubj": 0.170599173553719,
    "subjLotsPerGame": 2.42,
    "subjAvgPay": 9.499896694214875,
    "subjAvgNet": 4.150103305785124,
    "passRate": 0.05698125,
    "avgPrice": 9.462921601505803,
    "bluffLotsPerGame": 0,
    "bluffStuckRate": 0,
    "bluffStuckNet": 0,
    "seatScores": [
      44.04325,
      43.9932,
      41.28055,
      41.1317
    ],
    "estErrNaive": null,
    "estErrPost": null,
    "lensAcc": null,
    "ms": 1544
  },
  "B": {
    "label": "B 素朴追随 vs 現行NPC",
    "n": 20000,
    "winRate": 0.18664583333333332,
    "winCI": 0.005399954134061259,
    "meanScore": 40.16525,
    "scoreSD": 10.542530172472832,
    "scoreCI": 0.1461120136860587,
    "npcWins": [
      0.30428749999999993,
      0.22193750000000004,
      0.2871291666666666
    ],
    "curseAll": 0.18259134538898023,
    "curseSubj": 0.27139386716780495,
    "subjLotsPerGame": 2.1817,
    "subjAvgPay": 12.257666040243846,
    "subjAvgNet": 2.8258926525186783,
    "passRate": 0.05715,
    "avgPrice": 9.498395821180463,
    "bluffLotsPerGame": 0,
    "bluffStuckRate": 0,
    "bluffStuckNet": 0,
    "seatScores": [
      40.16525,
      44.11755,
      41.37745,
      43.96005
    ],
    "estErrNaive": null,
    "estErrPost": null,
    "lensAcc": null,
    "ms": 1475
  },
  "C": {
    "label": "C 降り値推論 vs 現行NPC",
    "n": 20000,
    "winRate": 0.28562083333333327,
    "winCI": 0.0062603758131999235,
    "meanScore": 43.88515,
    "scoreSD": 10.442995713754732,
    "scoreCI": 0.1447325364679212,
    "npcWins": [
      0.28717916666666654,
      0.2142041666666667,
      0.21299583333333338
    ],
    "curseAll": 0.16675735577114495,
    "curseSubj": 0.159554113634473,
    "subjLotsPerGame": 2.4042,
    "subjAvgPay": 10.009545794858997,
    "subjAvgNet": 4.111617169952583,
    "passRate": 0.0581375,
    "avgPrice": 9.56177255172597,
    "bluffLotsPerGame": 0,
    "bluffStuckRate": 0,
    "bluffStuckNet": 0,
    "seatScores": [
      43.88515,
      43.63335,
      41.0099,
      41.0236
    ],
    "estErrNaive": 2.9139010166409305,
    "estErrPost": 2.425619026370121,
    "lensAcc": 0.9930833333333333,
    "ms": 2862
  },
  "Cs": {
    "label": "C' 同(呪い控除を分散スケール)",
    "n": 20000,
    "winRate": 0.2852624999999998,
    "winCI": 0.006258016442490982,
    "meanScore": 43.89695,
    "scoreSD": 10.368714032969576,
    "scoreCI": 0.14370304489597927,
    "npcWins": [
      0.2883958333333332,
      0.2154375000000001,
      0.21090416666666675
    ],
    "curseAll": 0.16891600050502031,
    "curseSubj": 0.16168286402525126,
    "subjLotsPerGame": 2.4078,
    "subjAvgPay": 10.004173934712185,
    "subjAvgNet": 4.1103704626630115,
    "passRate": 0.05944375,
    "avgPrice": 9.565788861644373,
    "bluffLotsPerGame": 0,
    "bluffStuckRate": 0,
    "bluffStuckNet": 0,
    "seatScores": [
      43.89695,
      43.64055,
      41.0277,
      40.96605
    ],
    "estErrNaive": 2.9035054167132524,
    "estErrPost": 2.412647778622315,
    "lensAcc": 0.99325,
    "ms": 2887
  },
  "Cn": {
    "label": "C- 負のシグナルのみ(降り値だけ)",
    "n": 20000,
    "winRate": 0.2839708333333333,
    "winCI": 0.00624947158955048,
    "meanScore": 44.4055,
    "scoreSD": 10.467696487288867,
    "scoreCI": 0.1450748717234654,
    "npcWins": [
      0.27904583333333327,
      0.2160041666666667,
      0.22097916666666675
    ],
    "curseAll": 0.15552592651555855,
    "curseSubj": 0.12705473265895953,
    "subjLotsPerGame": 2.2144,
    "subjAvgPay": 9.954321712427745,
    "subjAvgNet": 4.699015534682081,
    "passRate": 0.05779375,
    "avgPrice": 9.33556214470027,
    "bluffLotsPerGame": 0,
    "bluffStuckRate": 0,
    "bluffStuckNet": 0,
    "seatScores": [
      44.4055,
      43.93325,
      41.4228,
      41.7709
    ],
    "estErrNaive": 2.902604301553282,
    "estErrPost": 2.759865093548294,
    "lensAcc": 0.99215,
    "ms": 2641
  },
  "Dn": {
    "label": "D- 目公開+負のシグナルのみ",
    "n": 20000,
    "winRate": 0.28203333333333336,
    "winCI": 0.006236536012021774,
    "meanScore": 44.3847,
    "scoreSD": 10.101336837765563,
    "scoreCI": 0.13999738602985673,
    "npcWins": [
      0.2727833333333333,
      0.21803333333333344,
      0.22714999999999996
    ],
    "curseAll": 0.14234307341310753,
    "curseSubj": 0.10053632140975913,
    "subjLotsPerGame": 2.0883,
    "subjAvgPay": 10.251209117463967,
    "subjAvgNet": 4.972800842790787,
    "passRate": 0.06036875,
    "avgPrice": 9.28783897938686,
    "bluffLotsPerGame": 0,
    "bluffStuckRate": 0,
    "bluffStuckNet": 0,
    "seatScores": [
      44.3847,
      43.76325,
      41.4152,
      42.4409
    ],
    "estErrNaive": 2.9061132989005243,
    "estErrPost": 2.740925657199619,
    "lensAcc": null,
    "ms": 2258
  },
  "D": {
    "label": "D 目公開ベイズ vs 現行NPC",
    "n": 20000,
    "winRate": 0.2840333333333332,
    "winCI": 0.006249886499655635,
    "meanScore": 43.98435,
    "scoreSD": 10.192173716999724,
    "scoreCI": 0.14125632094630738,
    "npcWins": [
      0.28908333333333325,
      0.21165833333333345,
      0.21522500000000006
    ],
    "curseAll": 0.1565304617592156,
    "curseSubj": 0.127549447160918,
    "subjLotsPerGame": 2.2701,
    "subjAvgPay": 10.462050129950223,
    "subjAvgNet": 4.398198317254747,
    "passRate": 0.05916875,
    "avgPrice": 9.51835145781988,
    "bluffLotsPerGame": 0,
    "bluffStuckRate": 0,
    "bluffStuckNet": 0,
    "seatScores": [
      43.98435,
      43.55965,
      40.81315,
      41.3273
    ],
    "estErrNaive": 2.930955306646502,
    "estErrPost": 2.2273434442830142,
    "lensAcc": null,
    "ms": 2349
  },
  "Ds": {
    "label": "D' 同(呪い控除スケール)",
    "n": 20000,
    "winRate": 0.28332499999999994,
    "winCI": 0.006245175536007775,
    "meanScore": 43.79145,
    "scoreSD": 10.051569872288619,
    "scoreCI": 0.13930765107800736,
    "npcWins": [
      0.28263333333333335,
      0.21615833333333334,
      0.21788333333333343
    ],
    "curseAll": 0.15799422280792833,
    "curseSubj": 0.13277754741275835,
    "subjLotsPerGame": 2.29105,
    "subjAvgPay": 10.544793871805505,
    "subjAvgNet": 4.273782763361777,
    "passRate": 0.0609625,
    "avgPrice": 9.56113973084142,
    "bluffLotsPerGame": 0,
    "bluffStuckRate": 0,
    "bluffStuckNet": 0,
    "seatScores": [
      43.79145,
      43.30165,
      40.91465,
      41.32125
    ],
    "estErrNaive": 2.9076845521282966,
    "estErrPost": 2.217790308213828,
    "lensAcc": null,
    "ms": 2351
  },
  "E2": {
    "label": "E ブラフ深さ2 vs D型×3",
    "n": 20000,
    "winRate": 0.2322083333333334,
    "winCI": 0.005851964343408783,
    "meanScore": 37.52355,
    "scoreSD": 10.057178799121544,
    "scoreCI": 0.13938538683790266,
    "npcWins": [
      0.2550083333333333,
      0.2554166666666666,
      0.2573666666666666
    ],
    "curseAll": 0.3011317859198158,
    "curseSubj": 0.37251795521757497,
    "subjLotsPerGame": 2.367,
    "subjAvgPay": 9.190747782002536,
    "subjAvgNet": 1.4886142796789186,
    "passRate": 0.0225625,
    "avgPrice": 10.987710211650361,
    "bluffLotsPerGame": 2.66075,
    "bluffStuckRate": 0.2263647467819224,
    "bluffStuckNet": -3.4208866013614476,
    "seatScores": [
      37.52355,
      39.07305,
      39.0164,
      39.10015
    ],
    "estErrNaive": 2.8799017842872425,
    "estErrPost": 2.28408565583103,
    "lensAcc": null,
    "ms": 3602
  },
  "E4": {
    "label": "E ブラフ深さ4 vs D型×3",
    "n": 20000,
    "winRate": 0.2326333333333334,
    "winCI": 0.005855695841820263,
    "meanScore": 36.5979,
    "scoreSD": 10.726808266674666,
    "scoreCI": 0.14866597777073,