strategy,field_avg_winrate_round_level
S1,0.502767
S2,0.499491
S3,0.504916
S4p,0.498392
S6,0.495583
S10,0.498851
