{
  "n_deals": 50000,
  "bootstrap_n": 10000,
  "bootstrap_seed": 20260800,
  "tiebreak_seed": 20260799,
  "deal_seeds": {
    "F0": 20260716,
    "F9": 20260717,
    "F+": 20260718,
    "FA": 20260719,
    "FB": 20260720,
    "FC1": 20260721,
    "FC2": 20260722
  },
  "elapsed_sec": 442.85758900642395,
  "stats": {
    "F0": {
      "m1_median": 0.09999999999999995,
      "m1_mean": 0.110375,
      "m2": 0.15072,
      "m3": 3.1763490423587393,
      "m3_degenerate": false,
      "eq_pre_mean": 0.498476
    },
    "F9": {
      "m1_median": 0.5,
      "m1_mean": 0.5,
      "m2": 1.0,
      "m3": 1.0,
      "m3_degenerate": true,
      "eq_pre_mean": 0.5
    },
    "F+": {
      "m1_median": 0.125,
      "m1_mean": 0.22517,
      "m2": 0.10148,
      "m3": 9.899577167019027,
      "m3_degenerate": false,
      "eq_pre_mean": 0.501215
    },
    "FA": {
      "m1_median": 0.06666666666666662,
      "m1_mean": 0.09798771428571432,
      "m2": 0.10986,
      "m3": 4.168624010317016,
      "m3_degenerate": false,
      "eq_pre_mean": 0.4994942857142857
    },
    "FB": {
      "m1_median": 0.11249999999999999,
      "m1_mean": 0.180436,
      "m2": 0.16094,
      "m3": 3.5770136203127634,
      "m3_degenerate": false,
      "eq_pre_mean": 0.49952150000000006
    },
    "FC1": {
      "m1_median": 0.07500000000000018,
      "m1_mean": 0.11204600000000002,
      "m2": 0.13836,
      "m3": 3.066438574156589,
      "m3_degenerate": false,
      "eq_pre_mean": 0.49910799999999994
    },
    "FC2": {
      "m1_median": 0.07500000000000018,
      "m1_mean": 0.103685,
      "m2": 0.1196,
      "m3": 2.9680640369697993,
      "m3_degenerate": false,
      "eq_pre_mean": 0.503393
    }
  },
  "ci": {
    "F0": {
      "m1_median_ci": [
        0.09999999999999995,
        0.10000000000000009
      ],
      "m1_mean_ci": [
        0.10964746250000003,
        0.1111055125
      ],
      "m2_ci": [
        0.14758,
        0.1539
      ],
      "m3_ci": [
        3.118633955607234,
        3.241930756817694
      ]
    },
    "F9": {
      "m1_median_ci": [
        0.5,
        0.5
      ],
      "m1_mean_ci": [
        0.5,
        0.5
      ],
      "m2_ci": [
        1.0,
        1.0
      ],
      "m3_ci": [
        1.0,
        1.0
      ]
    },
    "F+": {
      "m1_median_ci": [
        0.125,
        0.125
      ],
      "m1_mean_ci": [
        0.2234775,
        0.2268875
      ],
      "m2_ci": [
        0.09884,
        0.1042
      ],
      "m3_ci": [
        9.244914808342202,
        10.619870630337722
      ]
    },
    "FA": {
      "m1_median_ci": [
        0.05714285714285727,
        0.06666666666666662
      ],
      "m1_mean_ci": [
        0.09701599047619049,
        0.09896173095238099
      ],
      "m2_ci": [
        0.10714,
        0.1126
      ],
      "m3_ci": [
        4.07901966458351,
        4.262720191172936
      ]
    },
    "FB": {
      "m1_median_ci": [
        0.11249999999999999,
        0.11250000000000004
      ],
      "m1_mean_ci": [
        0.17887843125,
        0.18194776875
      ],
      "m2_ci": [
        0.15768,
        0.16414
      ],
      "m3_ci": [
        3.48753677178155,
        3.6695099051432183
      ]
    },
    "FC1": {
      "m1_median_ci": [
        0.07500000000000018,
        0.07500000000000029
      ],
      "m1_mean_ci": [
        0.11126892500000002,
        0.11281452500000001
      ],
      "m2_ci": [
        0.13538,
        0.14138
      ],
      "m3_ci": [
        3.010299716315503,
        3.126217291269182
      ]
    },
    "FC2": {
      "m1_median_ci": [
        0.07500000000000018,
        0.07500000000000018
      ],
      "m1_mean_ci": [
        0.10299550000000002,
        0.1043845125
      ],
      "m2_ci": [
        0.11672,
        0.12246
      ],
      "m3_ci": [
        2.9113423426493616,
        3.0253226470589056
      ]
    }
  }
}