{
  "n_deals": 50000,
  "bootstrap_n": 10000,
  "bootstrap_seed": 20260800,
  "deal_seeds": {
    "F0": 20260716,
    "F9": 20260717,
    "F+": 20260718,
    "FA": 20260719,
    "FB": 20260720,
    "FC1": 20260721,
    "FC2": 20260722
  },
  "elapsed_sec": 23.94920587539673,
  "self_checks": {
    "f9_g_exact_0_5": true,
    "all_g_nonnegative": true,
    "reproduction_matches_v1": true
  },
  "results": {
    "F0": {
      "m1_median": 0.09999999999999995,
      "m1_mean": 0.110375,
      "m2_old": 0.15072,
      "m2prime": 0.02555600000000003,
      "m2prime_ci": [
        0.024764000000000033,
        0.026348000000000035
      ],
      "flip_rate": 0.15072,
      "avg_g_given_flip": 0.16955944798301506,
      "nonflip_g_max": 0.0,
      "m3": 3.1763490423587393,
      "m3_ci": [
        3.118633955607234,
        3.241930756817694
      ],
      "m3_degenerate": false
    },
    "F9": {
      "m1_median": 0.5,
      "m1_mean": 0.5,
      "m2_old": 1.0,
      "m2prime": 0.5,
      "m2prime_ci": [
        0.5,
        0.5
      ],
      "flip_rate": 1.0,
      "avg_g_given_flip": 0.5,
      "nonflip_g_max": 0.0,
      "m3": 1.0,
      "m3_ci": [
        1.0,
        1.0
      ],
      "m3_degenerate": true
    },
    "F+": {
      "m1_median": 0.125,
      "m1_mean": 0.22517,
      "m2_old": 0.10148,
      "m2prime": 0.10148,
      "m2prime_ci": [
        0.09884,
        0.1042
      ],
      "flip_rate": 0.10148,
      "avg_g_given_flip": 1.0,
      "nonflip_g_max": 0.0,
      "m3": 9.899577167019027,
      "m3_ci": [
        9.244914808342202,
        10.619870630337722
      ],
      "m3_degenerate": false
    },
    "FA": {
      "m1_median": 0.06666666666666662,
      "m1_mean": 0.09798771428571432,
      "m2_old": 0.10986,
      "m2prime": 0.03844533333333335,
      "m2prime_ci": [
        0.037187966666666676,
        0.039718766666666676
      ],
      "flip_rate": 0.10986,
      "avg_g_given_flip": 0.3499484192001943,
      "nonflip_g_max": 0.0,
      "m3": 4.168624010317016,
      "m3_ci": [
        4.07901966458351,
        4.262720191172936
      ],
      "m3_degenerate": false
    },
    "FB": {
      "m1_median": 0.11249999999999999,
      "m1_mean": 0.180436,
      "m2_old": 0.16094,
      "m2prime": 0.09684799999999999,
      "m2prime_ci": [
        0.09458390000000001,
        0.09908600000000002
      ],
      "flip_rate": 0.16094,
      "avg_g_given_flip": 0.6017646327824036,
      "nonflip_g_max": 0.0,
      "m3": 3.5770136203127634,
      "m3_ci": [
        3.48753677178155,
        3.6695099051432183
      ],
      "m3_degenerate": false
    },
    "FC1": {
      "m1_median": 0.07500000000000018,
      "m1_mean": 0.11204600000000002,
      "m2_old": 0.13836,
      "m2prime": 0.028580000000000015,
      "m2prime_ci": [
        0.02770400000000001,
        0.02949000000000001
      ],
      "flip_rate": 0.13836,
      "avg_g_given_flip": 0.20656259034403013,
      "nonflip_g_max": 0.0,
      "m3": 3.066438574156589,
      "m3_ci": [
        3.010299716315503,
        3.126217291269182
      ],
      "m3_degenerate": false
    },
    "FC2": {
      "m1_median": 0.07500000000000018,
      "m1_mean": 0.103685,
      "m2_old": 0.1196,
      "m2prime": 0.023320000000000014,
      "m2prime_ci": [
        0.02256800000000002,
        0.024078050000000014
      ],
      "flip_rate": 0.1196,
      "avg_g_given_flip": 0.1949832775919734,
      "nonflip_g_max": 0.0,
      "m3": 2.9680640369697993,
      "m3_ci": [
        2.9113423426493616,
        3.0253226470589056
      ],
      "m3_degenerate": false
    }
  }
}