{
  "meta": {
    "seed_base": 20260716,
    "n_boot": 10000,
    "n_deals": {
      "D1": 200000,
      "D2": 200000,
      "D3": 200000,
      "F0-D": 200000
    },
    "runtime_sec": 1986.2132711410522,
    "d2_method": "厳密閉形式(交換可能性による一様周辺分布)。モンテカルロ近似は不使用。"
  },
  "results_by_set": {
    "D1": {
      "n_deals": 200000,
      "point_imm": 0.07158602847222224,
      "point_prop": 0.06505654319444454,
      "imm_ci_lower": 0.07136945150464342,
      "imm_ci_upper": 0.07180312094908749,
      "prop_ci_lower": 0.06481984166665501,
      "prop_ci_upper": 0.06529667263887735,
      "imm_profile_k1_6": [
        0.12481000000000056,
        0.11169689999997226,
        0.0919490625,
        0.06739833333332758,
        0.033661875,
        0.0
      ],
      "prop_profile_k1_5": [
        0.12485333333333205,
        0.07283940000000053,
        0.05042296875,
        0.0437113888888747,
        0.033455625
      ]
    },
    "D2": {
      "n_deals": 200000,
      "point_imm": 0.11776211411094879,
      "point_prop": 0.02461722851313484,
      "imm_ci_lower": 0.11748098286030292,
      "imm_ci_upper": 0.11804188361995466,
      "prop_ci_lower": 0.02452195423961773,
      "prop_ci_upper": 0.024709938754777717,
      "imm_profile_k1_6": [
        0.12502270833333437,
        0.12151305785123992,
        0.12233327499999809,
        0.11268919753086182,
        0.1130334765625,
        0.11198096938775523
      ],
      "prop_profile_k1_5": [
        0.05683153409090513,
        0.028822322314050547,
        0.01938310833333412,
        0.01178166666666675,
        0.006267511160714244
      ]
    },
    "D3": {
      "n_deals": 200000,
      "point_imm": 0.07139411597222224,
      "point_prop": 0.06514522513888898,
      "imm_ci_lower": 0.07117621979168058,
      "imm_ci_upper": 0.07161363912038313,
      "prop_ci_lower": 0.06490350777776618,
      "prop_ci_upper": 0.06538663013887751,
      "imm_profile_k1_6": [
        0.12523333333333334,
        0.11058479999997285,
        0.0916909375,
        0.06756499999999445,
        0.033290625,
        0.0
      ],
      "prop_profile_k1_5": [
        0.12447000000000005,
        0.07334590000000193,
        0.05006640625,
        0.04421194444443037,
        0.033631875
      ]
    },
    "F0-D": {
      "n_deals": 200000,
      "point_imm": 0.12480118055555561,
      "point_prop": 0.0,
      "imm_ci_lower": 0.12452222222222739,
      "imm_ci_upper": 0.1250806944444474,
      "prop_ci_lower": 0.0,
      "prop_ci_upper": 0.0,
      "imm_profile_k1_6": [
        0.12444958333333386,
        0.1252175000000009,
        0.1252358333333322,
        0.12459041666666583,
        0.12458750000000045,
        0.12472624999999897
      ],
      "prop_profile_k1_5": [
        0.0,
        0.0,
        0.0,
        0.0,
        0.0
      ]
    }
  },
  "kill_condition_K_D0": {
    "fires": false,
    "terms": {
      "D1": {
        "prop_ci_lower": 0.06481984166665501,
        "point_imm": 0.07158602847222224,
        "threshold_0.25x_imm": 0.01789650711805556,
        "fires_for_set": false
      },
      "D2": {
        "prop_ci_lower": 0.02452195423961773,
        "point_imm": 0.11776211411094879,
        "threshold_0.25x_imm": 0.029440528527737198,
        "fires_for_set": true
      },
      "D3": {
        "prop_ci_lower": 0.06490350777776618,
        "point_imm": 0.07139411597222224,
        "threshold_0.25x_imm": 0.01784852899305556,
        "fires_for_set": false
      }
    }
  },
  "overall_pass": true,
  "carry_forward_to_process2": "D3"
}